A_Belegart,BG_Beleggruppe,Bezeichnung,ST_Status,Nicht_bei_Neuanlage_verwenden,Belegtyp,Eigene_Nummerierung,Letzte_Belegnummer,Workflow_Script_bei_Aufruf_Belegwandlung_Vorgel_Tabelle
L04,Lieferschein/ohne Lagerverbuchung,41,N,0,N,,
r04,Einfuhrumsatzsteuerbeleg,41,N,0,N,,
r03,Speditonsrechnung,41,N,0,N,,
r01,Rechnung,41,N,0,N,,
A01,Konsignation (Reservierung),41,N,0,N,,
A02,Kundenbestellung,41,N,0,N,,
A03,Auftragsbestätigung,41,N,0,N,,
A04,Termin/Abrufauftrag,41,N,0,N,,
A05,Vorkasse,41,N,0,N,,
A06,Teilzahlungsvereinbarung,41,N,0,N,,
A08,Streckengeschäft,41,N,0,N,,
A09,Kundenbestellung/Teilzahlungsvereinbarung,41,N,0,N,,
A20,Projektbeleg / Anzahlung,41,N,0,N,,
A30,Internetauftrag,41,N,0,N,,
A31,Auktionsauftrag,41,N,0,N,,
A35,Neue Shopbestellung,41,N,0,J,2,
A36,Neue B2BFLOW Bestellung,41,N,0,J,10,
A37,Erledigte Shop-Bestellung,41,N,0,N,,
A38,Erledigte B2BFLOW Bestellung,41,N,0,N,,
l08,Streckengeschäft,41,N,0,N,,
l04,Retoure über Strecke,41,N,0,N,,
l02,Retoure über Lager,41,N,0,N,,
g08,Streckengeschäft,41,N,0,N,,
g03,Preisgutschrift,41,N,0,N,,
g02,Ohne Warenrückbuchung,41,N,0,N,,
g01,Warenrückbuchung,41,N,0,N,,
f00,WE-Fertigungsauftrag (alle Belege),41,N,0,N,,
b49,Adressauswahl - Warenkorb,41,N,0,N,,
b38,Erledigte B2BFLOW Bestellung,41,N,0,N,,
G03,Preisgutschrift,41,N,0,N,,
G04,Bonusgutschrift,41,N,0,N,,
G08,Streckengeschäft,41,N,0,N,,
G49,Gutschein - Barverkauf,41,N,0,N,,
b36,Neue B2BFLOW Bestellung,41,N,0,J,31,
b08,Streckengeschäft,41,N,0,N,,
I01,Mehrfachvorgänge monatlich,41,N,0,N,,
I02,Mehrfachvorgänge vierteljährlich,41,N,0,N,,
I03,Mehrfachvorgänge halbjährlich,41,N,0,J,4,
I04,Mehrfachvorgänge jährlich,41,N,0,J,,
I05,Konsignationslieferung (Umlagerung),41,N,2,N,,
I06,Wareneingang Liefermahnungen,41,N,1,N,,
I07,Wareneingang - Anfragen,41,N,1,N,,
I08,Konsignationslieferung (Umlagerung - Ausgang),41,N,2,N,,
I09,Konsignationslieferung (Umlagerung - Eingang),41,N,2,N,,
I30,Internetanfrage (Kunden - Warenausgang),41,N,2,N,,
b04,Musterbestellung,41,N,0,N,,
b02,Dauerbestellung,41,N,0,N,,
b01,Lagerbestellung,41,N,0,N,28,
R49,Rechnung - Barverkauf,41,N,0,N,,
R21,Projektbeleg / Schlußrechnung,41,N,0,N,,
R20,Projektbeleg / Teilrechnung,41,N,0,N,,
R10,Intern / Verbundene Unternehmen,41,N,0,N,,
R09,Streckengeschäft (Sammelbeleg),41,N,0,N,,
R08,Streckengeschäft,41,N,0,N,,
R03,Sammelrechnung,41,N,0,N,,
R02,Teilzahlungsvereinbarung,41,N,0,N,,
R01,Rechnung,41,N,0,N,,
N49,Adressauswahl - Warenkorb,41,N,0,N,,
N08,Streckengechäft,41,N,0,N,,
N02,Angebote,41,N,0,N,,
N01,Teilzahlungsvereinbarung,41,N,0,N,,
L59,Servicebericht (L59),41,N,0,N,,GEPG08
I78,Umlagerung,41,N,2,J,80000070,
L20,Projektbeleg / Anzahlung,41,N,0,N,,
L12,Abverkauf aus Konsignation,41,N,0,N,,
L11,Teilzahlungsvereinbarung,41,N,0,N,,
L01,Kommissionierschein/Lagerbuchung,41,N,0,N,,
L02,Kommissionierschein/ohne Lagerbuchung,41,N,0,N,,
L03,Lieferschein/Lagerverbuchung,41,N,0,N,,
r08,Streckengeschäft,41,N,0,N,,
L05,Rücklieferschein/Lagerverbuchung,41,N,0,N,,
L06,Rücklieferschein/ohne Lagerverbuchung,41,N,0,N,,
L07,Rücklieferschein über Strecke,41,N,0,N,,
L08,Streckengeschäft,41,N,0,N,,
L09,Musterlieferschein,41,N,0,N,,
L10,Intern / Verbundene Unternehmen,41,N,0,N,,
L00,WA-Lieferschein (alle Belege),42,N,0,N,,GEPG08
I84,Rezepte abgelaufen,42,N,2,N,,GEPG99,
I83,Rezept,42,N,2,J,71878226,GEPG99,
L55,Lieferscheine o.Berechnung,42,N,0,N,,,
L58,Lieferschein ausgesondert,42,N,0,N,,GEPG08,
I77,Filial-Lieferschein,42,N,2,J,81011746,,
L83,Lieferscheine Fiktiv,42,N,0,N,,GEPG08,
M00,Reparatur/Garantie (alle Belege),42,N,0,N,,,
M01,Reparatur,42,N,0,J,   60014,GEPG19,
M02,Garantie,42,N,0,J,   60000,GEPG19,
N00,WA-Angebot (alle Belege),42,N,0,N,,GEPG12,
I75,Pfandkorrektur,42,N,0,N,,,
I70,OM-Eingang,42,N,2,N,,GEPG70,
I67,Bonus-Sperrbeleg RE,42,N,0,J,  100003,,
I66,Bonus-Sperrbeleg GS,42,N,0,J,  100037,,
R00,WA-Rechnung (alle Belege),42,N,0,N,,GEPG05,
I65,Reklamationen,42,N,0,J,  340090,,
I60,Bestellformulare,42,N,0,J,  600014,,
I59,Rezepte alte Variante,42,N,0,N,,,
I57,Musterlieferscheine,42,N,2,J,   17757,,
I56,Daueraufträge,42,N,2,N,,GEpg07,
I54,Kd.-Spez.MB-Artikel,42,N,2,N,,GEpg07,
I53,Pendel-Auftrag,42,N,2,J,91006697,GEPG11,
I52,Auftragsvorlage,42,N,2,N,,GEpg07,
I51,Angebotsvorlage,42,N,2,N,,GEpg07,
R70,gelöschte OM Aufträge,42,N,0,J,    3510,,
R83,Fiktiv RE in Pauschalen,42,N,0,J,  291740,,
b00,WE-Bestellung (alle Belege),42,N,0,N,,GEPG06,
I50,Provisionskorrektur,42,N,0,N,,,
I49,Bausteinbelege,42,N,0,N,,,
I48,Interner Kassenbeleg,42,N,0,N,,,
I00,Intern  (alle Belege),42,N,0,N,,,
b10,WE-Bestellung Wartend auf Wandlung/Verbuchung,42,N,0,N,,GEPG06,
b11,WE Einzelbestellung in Sammelbeleg,42,N,0,N,,GEPG06,
b12,WE-Sammelebelg,42,N,0,N,,GEPG06,
G50,Bonus Gutschrift,42,N,0,J,52000000,,
G02,Gutschrift ohne Warenrückbuchung,42,N,0,N,  200067,,
G01,Gutschrift mit Warenrückbuchung,42,N,0,N,  100101,,
b77,WE-Bestellung Anforderung,42,N,0,N,,GEPG06,
G00,WA-Gutschrift (alle Belege),42,N,0,N,,,
g00,WE-Gutschrift (alle Belege),42,N,0,N,,,
A47,CVV und EU ExV,42,N,0,N,,GEPG07,
A46,Fertig Kommisioniert : Prüfung,42,N,0,N,,GEPG07,
A45,Wartende Sammelrichtscheine,42,N,0,J,  706891,GEPG07,
A44,Aufträge in Sammelrichtscheinen,42,N,0,N,,GEPG07,
l00,WE-Lieferschein (alle Belege),42,N,0,N,,GEPG06,
l01,Lieferung ohne Übernahme bei JW,42,N,0,N,,GEPG06,
A43,Teilkommissioniert,42,N,0,N,,GEPG07,
A42,Fertig Kommissioniert,42,N,0,N,,GEPG07,
l05,MDE Wareneingang Reklamierte Gefahrgüter,42,N,0,N,,GEPG06,
l06,MDE Wareneingang Überlieferungen,42,N,0,N,,GEPG06,
l07,MDE Wareneingang Unbekannte Artikel (Divers),42,N,0,N,,GEPG06,
A41,Übergabe MDE,42,N,0,N,,GEPG07,
l09,MDE Wareneingang Beschädigte Artikel,42,N,0,N,,GEPG06,
l10,MDE WE-Lieferschein,42,N,0,N,,GEPG06,
l11,MDE WE-Lieferschein-Wartend auf Buchung,42,N,0,N,,GEPG06,
l77,WE-Lieferschein Filialbelief.,42,N,0,N,,,
r00,WE-Rechnung (alle Belege),42,N,0,N,,,
A00,WA-Auftrag (alle Belege),42,N,0,N,,GEPG07,
200,Preismitteilungen,42,N,0,J,  500572,,
100,Basisbelege,42,N,0,J,       1,,
005,MDE Wareneingang Reklamierte Gefahrgüter,42,N,0,N,,GEPG06,